<?xml version="1.0" encoding="UTF-8"?>
<project version="4">
  <component name="ChangeListManager">
    <list default="true" id="a99ccab5-ef05-47d7-a302-2dc78736cec3" name="Default" comment="">
      <change type="MODIFICATION" beforePath="$PROJECT_DIR$/Diagnoser/Barinel.py" afterPath="$PROJECT_DIR$/Diagnoser/Barinel.py" />
      <change type="MODIFICATION" beforePath="$PROJECT_DIR$/Diagnoser/Diagnosis.py" afterPath="$PROJECT_DIR$/Diagnoser/Diagnosis.py" />
      <change type="MODIFICATION" beforePath="$PROJECT_DIR$/Diagnoser/ExperimentInstance.py" afterPath="$PROJECT_DIR$/Diagnoser/ExperimentInstance.py" />
      <change type="MODIFICATION" beforePath="$PROJECT_DIR$/Diagnoser/St_Strip.py" afterPath="$PROJECT_DIR$/Diagnoser/St_Strip.py" />
      <change type="MODIFICATION" beforePath="$PROJECT_DIR$/Diagnoser/Staccato.py" afterPath="$PROJECT_DIR$/Diagnoser/Staccato.py" />
      <change type="MODIFICATION" beforePath="$PROJECT_DIR$/Diagnoser/diagnoserUtils.py" afterPath="$PROJECT_DIR$/Diagnoser/diagnoserUtils.py" />
      <change type="MODIFICATION" beforePath="$PROJECT_DIR$/Planner/planningExperiments.py" afterPath="$PROJECT_DIR$/Planner/planningExperiments.py" />
    </list>
    <ignored path="eclipse.iws" />
    <ignored path=".idea/workspace.xml" />
    <option name="EXCLUDED_CONVERTED_TO_IGNORED" value="true" />
    <option name="TRACKING_ENABLED" value="true" />
    <option name="SHOW_DIALOG" value="false" />
    <option name="HIGHLIGHT_CONFLICTS" value="true" />
    <option name="HIGHLIGHT_NON_ACTIVE_CHANGELIST" value="false" />
    <option name="LAST_RESOLUTION" value="IGNORE" />
  </component>
  <component name="CreatePatchCommitExecutor">
    <option name="PATCH_PATH" value="" />
  </component>
  <component name="ExecutionTargetManager" SELECTED_TARGET="default_target" />
  <component name="FavoritesManager">
    <favorites_list name="eclipse" />
  </component>
  <component name="FileEditorManager">
    <leaf SIDE_TABS_SIZE_LIMIT_KEY="300">
      <file leaf-file-name="wrapper.py" pinned="false" current-in-tab="false">
        <entry file="file://$PROJECT_DIR$/wrapper.py">
          <provider selected="true" editor-type-id="text-editor">
            <state relative-caret-position="303">
              <caret line="673" column="37" selection-start-line="673" selection-start-column="37" selection-end-line="673" selection-end-column="37" />
              <folding />
            </state>
          </provider>
        </entry>
      </file>
      <file leaf-file-name="experimentsMethods.py" pinned="false" current-in-tab="false">
        <entry file="file://$PROJECT_DIR$/Agent/experimentsMethods.py">
          <provider selected="true" editor-type-id="text-editor">
            <state relative-caret-position="20298">
              <caret line="1205" column="4" selection-start-line="1205" selection-start-column="4" selection-end-line="1205" selection-end-column="4" />
              <folding />
            </state>
          </provider>
        </entry>
      </file>
      <file leaf-file-name="planningExperiments.py" pinned="false" current-in-tab="false">
        <entry file="file://$PROJECT_DIR$/Planner/planningExperiments.py">
          <provider selected="true" editor-type-id="text-editor">
            <state relative-caret-position="219">
              <caret line="134" column="88" selection-start-line="134" selection-start-column="4" selection-end-line="134" selection-end-column="88" />
              <folding>
                <element signature="e#21#46#0" expanded="true" />
              </folding>
            </state>
          </provider>
        </entry>
      </file>
      <file leaf-file-name="HP_Random.py" pinned="false" current-in-tab="false">
        <entry file="file://$PROJECT_DIR$/Planner/HP_Random.py">
          <provider selected="true" editor-type-id="text-editor">
            <state relative-caret-position="323">
              <caret line="27" column="8" selection-start-line="27" selection-start-column="8" selection-end-line="27" selection-end-column="71" />
              <folding />
            </state>
          </provider>
        </entry>
      </file>
      <file leaf-file-name="ExperimentInstance.py" pinned="false" current-in-tab="false">
        <entry file="file://$PROJECT_DIR$/Diagnoser/ExperimentInstance.py">
          <provider selected="true" editor-type-id="text-editor">
            <state relative-caret-position="226">
              <caret line="48" column="39" selection-start-line="48" selection-start-column="39" selection-end-line="48" selection-end-column="39" />
              <folding>
                <element signature="e#1355#1452#0" expanded="false" />
                <element signature="e#1505#1649#0" expanded="false" />
                <element signature="e#1724#2183#0" expanded="false" />
                <element signature="e#2767#3605#0" expanded="false" />
                <element signature="e#3652#4162#0" expanded="false" />
                <element signature="e#4203#4493#0" expanded="false" />
                <element signature="e#4526#4675#0" expanded="false" />
                <element signature="e#4719#5219#0" expanded="false" />
                <element signature="e#5252#5383#0" expanded="false" />
                <element signature="e#5421#5557#0" expanded="false" />
                <element signature="e#5594#5644#0" expanded="false" />
                <element signature="e#5890#5934#0" expanded="false" />
                <element signature="e#7058#7179#0" expanded="false" />
                <element signature="e#7376#7994#0" expanded="false" />
                <element signature="e#8041#8645#0" expanded="false" />
              </folding>
            </state>
          </provider>
        </entry>
      </file>
      <file leaf-file-name="diagnoserUtils.py" pinned="false" current-in-tab="false">
        <entry file="file://$PROJECT_DIR$/Diagnoser/diagnoserUtils.py">
          <provider selected="true" editor-type-id="text-editor">
            <state relative-caret-position="85">
              <caret line="5" column="10" selection-start-line="5" selection-start-column="7" selection-end-line="5" selection-end-column="10" />
              <folding />
            </state>
          </provider>
        </entry>
      </file>
      <file leaf-file-name="Barinel.py" pinned="false" current-in-tab="false">
        <entry file="file://$PROJECT_DIR$/Diagnoser/Barinel.py">
          <provider selected="true" editor-type-id="text-editor">
            <state relative-caret-position="398">
              <caret line="124" column="26" selection-start-line="124" selection-start-column="26" selection-end-line="124" selection-end-column="26" />
              <folding />
            </state>
          </provider>
        </entry>
      </file>
      <file leaf-file-name="Staccato.py" pinned="false" current-in-tab="false">
        <entry file="file://$PROJECT_DIR$/Diagnoser/Staccato.py">
          <provider selected="true" editor-type-id="text-editor">
            <state relative-caret-position="252">
              <caret line="33" column="20" selection-start-line="33" selection-start-column="20" selection-end-line="33" selection-end-column="52" />
              <folding />
            </state>
          </provider>
        </entry>
      </file>
      <file leaf-file-name="St_Strip.py" pinned="false" current-in-tab="true">
        <entry file="file://$PROJECT_DIR$/Diagnoser/St_Strip.py">
          <provider selected="true" editor-type-id="text-editor">
            <state relative-caret-position="238">
              <caret line="14" column="26" selection-start-line="14" selection-start-column="26" selection-end-line="14" selection-end-column="26" />
              <folding />
            </state>
          </provider>
        </entry>
      </file>
      <file leaf-file-name="Diagnosis.py" pinned="false" current-in-tab="false">
        <entry file="file://$PROJECT_DIR$/Diagnoser/Diagnosis.py">
          <provider selected="true" editor-type-id="text-editor">
            <state relative-caret-position="419">
              <caret line="27" column="23" selection-start-line="27" selection-start-column="23" selection-end-line="27" selection-end-column="23" />
              <folding />
            </state>
          </provider>
        </entry>
      </file>
    </leaf>
  </component>
  <component name="Git.Settings">
    <option name="RECENT_GIT_ROOT_PATH" value="$PROJECT_DIR$/.." />
  </component>
  <component name="IdeDocumentHistory">
    <option name="CHANGED_PATHS">
      <list>
        <option value="$PROJECT_DIR$/wekaMethods/patchsBuild.py" />
        <option value="$PROJECT_DIR$/All_One_create.py" />
        <option value="$PROJECT_DIR$/AllTries.py" />
        <option value="$PROJECT_DIR$/metricsCSV.py" />
        <option value="$PROJECT_DIR$/transferAllOne.py" />
        <option value="$PROJECT_DIR$/transferLearning.py" />
        <option value="$PROJECT_DIR$/Agent/bugs_testsDBMethods.py" />
        <option value="$PROJECT_DIR$/Agent/experiments.py" />
        <option value="$PROJECT_DIR$/Agent/reportsAppend.py" />
        <option value="$PROJECT_DIR$/Agent/results.py" />
        <option value="$PROJECT_DIR$/wekaMethods/blameParse.py" />
        <option value="$PROJECT_DIR$/Planner/mcts/actionNode.py" />
        <option value="$PROJECT_DIR$/Planner/mcts/InstanceNode.py" />
        <option value="$PROJECT_DIR$/Planner/HP_Random.py" />
        <option value="$PROJECT_DIR$/Planner/mcts/main.py" />
        <option value="$PROJECT_DIR$/Planner/lrtdp/lrtdpState.py" />
        <option value="$PROJECT_DIR$/Planner/lrtdp/LRTDP.py" />
        <option value="$PROJECT_DIR$/Planner/pomcp/DIAGNOSER.py" />
        <option value="$PROJECT_DIR$/Planner/mcts/mcts.py" />
        <option value="$PROJECT_DIR$/Planner/lrtdp/LRTDPModule.py" />
        <option value="$PROJECT_DIR$/Agent/experimentsMethods.py" />
        <option value="$PROJECT_DIR$/utilsConf.py" />
        <option value="$PROJECT_DIR$/wrapper.py" />
        <option value="$PROJECT_DIR$/Diagnoser/ExperimentInstance.py" />
        <option value="$PROJECT_DIR$/Diagnoser/diagnoserUtils.py" />
        <option value="$PROJECT_DIR$/Planner/planningExperiments.py" />
        <option value="$PROJECT_DIR$/Diagnoser/Diagnosis.py" />
        <option value="$PROJECT_DIR$/Diagnoser/Barinel.py" />
        <option value="$PROJECT_DIR$/Diagnoser/Staccato.py" />
        <option value="$PROJECT_DIR$/Diagnoser/St_Strip.py" />
      </list>
    </option>
  </component>
  <component name="ProjectFrameBounds">
    <option name="x" value="-7" />
    <option name="width" value="1378" />
    <option name="height" value="735" />
  </component>
  <component name="ProjectLevelVcsManager" settingsEditedManually="true">
    <OptionsSetting value="true" id="Add" />
    <OptionsSetting value="true" id="Remove" />
    <OptionsSetting value="true" id="Checkout" />
    <OptionsSetting value="true" id="Update" />
    <OptionsSetting value="true" id="Status" />
    <OptionsSetting value="true" id="Edit" />
    <ConfirmationsSetting value="0" id="Add" />
    <ConfirmationsSetting value="0" id="Remove" />
  </component>
  <component name="ProjectView">
    <navigator currentView="ProjectPane" proportions="" version="1">
      <flattenPackages />
      <showMembers />
      <showModules />
      <showLibraryContents />
      <hideEmptyPackages />
      <abbreviatePackageNames />
      <autoscrollToSource />
      <autoscrollFromSource />
      <sortByType />
      <manualOrder />
      <foldersAlwaysOnTop value="true" />
    </navigator>
    <panes>
      <pane id="Scope" />
      <pane id="ProjectPane">
        <subPane>
          <PATH>
            <PATH_ELEMENT>
              <option name="myItemId" value="eclipse" />
              <option name="myItemType" value="com.intellij.ide.projectView.impl.nodes.ProjectViewProjectNode" />
            </PATH_ELEMENT>
          </PATH>
        </subPane>
      </pane>
      <pane id="Scratches" />
    </panes>
  </component>
  <component name="PropertiesComponent">
    <property name="options.splitter.main.proportions" value="0.3" />
    <property name="recentsLimit" value="5" />
    <property name="options.lastSelected" value="com.jetbrains.python.configuration.PyActiveSdkModuleConfigurable" />
    <property name="last_opened_file_path" value="$PROJECT_DIR$" />
    <property name="options.searchVisible" value="true" />
    <property name="options.splitter.details.proportions" value="0.2" />
    <property name="settings.editor.selected.configurable" value="com.jetbrains.python.configuration.PyActiveSdkModuleConfigurable" />
    <property name="settings.editor.splitter.proportion" value="0.2" />
  </component>
  <component name="RunManager">
    <configuration default="false" name="radare" type="PythonConfigurationType" factoryName="Python" temporary="true">
      <option name="INTERPRETER_OPTIONS" value="" />
      <option name="PARENT_ENVS" value="true" />
      <envs>
        <env name="PYTHONUNBUFFERED" value="1" />
      </envs>
      <option name="SDK_HOME" value="" />
      <option name="WORKING_DIRECTORY" value="C:/diagnose_vulnerabilities/FOE2/certfuzz/debuggers/tracing" />
      <option name="IS_MODULE_SDK" value="true" />
      <option name="ADD_CONTENT_ROOTS" value="true" />
      <option name="ADD_SOURCE_ROOTS" value="true" />
      <module name="diagnose_vulnerabilities" />
      <option name="SCRIPT_NAME" value="C:/diagnose_vulnerabilities/FOE2/certfuzz/debuggers/tracing/radare.py" />
      <option name="PARAMETERS" value="" />
      <option name="SHOW_COMMAND_LINE" value="false" />
      <RunnerSettings RunnerId="PythonRunner" />
      <ConfigurationWrapper RunnerId="PythonRunner" />
      <method />
    </configuration>
    <configuration default="false" name="ida" type="PythonConfigurationType" factoryName="Python" temporary="true">
      <option name="INTERPRETER_OPTIONS" value="" />
      <option name="PARENT_ENVS" value="true" />
      <envs>
        <env name="PYTHONUNBUFFERED" value="1" />
      </envs>
      <option name="SDK_HOME" value="" />
      <option name="WORKING_DIRECTORY" value="C:/diagnose_vulnerabilities/FOE2/certfuzz/debuggers/tracing" />
      <option name="IS_MODULE_SDK" value="true" />
      <option name="ADD_CONTENT_ROOTS" value="true" />
      <option name="ADD_SOURCE_ROOTS" value="true" />
      <module name="diagnose_vulnerabilities" />
      <option name="SCRIPT_NAME" value="C:/diagnose_vulnerabilities/FOE2/certfuzz/debuggers/tracing/ida.py" />
      <option name="PARAMETERS" value="" />
      <option name="SHOW_COMMAND_LINE" value="false" />
      <RunnerSettings RunnerId="PythonRunner" />
      <ConfigurationWrapper RunnerId="PythonRunner" />
      <method />
    </configuration>
    <configuration default="true" type="PythonConfigurationType" factoryName="Python">
      <option name="INTERPRETER_OPTIONS" value="" />
      <option name="PARENT_ENVS" value="true" />
      <envs>
        <env name="PYTHONUNBUFFERED" value="1" />
      </envs>
      <option name="SDK_HOME" value="" />
      <option name="WORKING_DIRECTORY" value="" />
      <option name="IS_MODULE_SDK" value="false" />
      <option name="ADD_CONTENT_ROOTS" value="true" />
      <option name="ADD_SOURCE_ROOTS" value="true" />
      <module name="eclipse" />
      <option name="SCRIPT_NAME" value="" />
      <option name="PARAMETERS" value="" />
      <option name="SHOW_COMMAND_LINE" value="false" />
      <method />
    </configuration>
    <configuration default="true" type="Tox" factoryName="Tox">
      <option name="INTERPRETER_OPTIONS" value="" />
      <option name="PARENT_ENVS" value="true" />
      <envs />
      <option name="SDK_HOME" value="" />
      <option name="WORKING_DIRECTORY" value="" />
      <option name="IS_MODULE_SDK" value="false" />
      <option name="ADD_CONTENT_ROOTS" value="true" />
      <option name="ADD_SOURCE_ROOTS" value="true" />
      <module name="eclipse" />
      <method />
    </configuration>
    <configuration default="true" type="tests" factoryName="Attests">
      <option name="INTERPRETER_OPTIONS" value="" />
      <option name="PARENT_ENVS" value="true" />
      <envs />
      <option name="SDK_HOME" value="" />
      <option name="WORKING_DIRECTORY" value="" />
      <option name="IS_MODULE_SDK" value="false" />
      <option name="ADD_CONTENT_ROOTS" value="true" />
      <option name="ADD_SOURCE_ROOTS" value="true" />
      <module name="eclipse" />
      <option name="SCRIPT_NAME" value="" />
      <option name="CLASS_NAME" value="" />
      <option name="METHOD_NAME" value="" />
      <option name="FOLDER_NAME" value="" />
      <option name="TEST_TYPE" value="TEST_SCRIPT" />
      <option name="PATTERN" value="" />
      <option name="USE_PATTERN" value="false" />
      <method />
    </configuration>
    <configuration default="true" type="tests" factoryName="Doctests">
      <option name="INTERPRETER_OPTIONS" value="" />
      <option name="PARENT_ENVS" value="true" />
      <envs />
      <option name="SDK_HOME" value="" />
      <option name="WORKING_DIRECTORY" value="" />
      <option name="IS_MODULE_SDK" value="false" />
      <option name="ADD_CONTENT_ROOTS" value="true" />
      <option name="ADD_SOURCE_ROOTS" value="true" />
      <module name="eclipse" />
      <option name="SCRIPT_NAME" value="" />
      <option name="CLASS_NAME" value="" />
      <option name="METHOD_NAME" value="" />
      <option name="FOLDER_NAME" value="" />
      <option name="TEST_TYPE" value="TEST_SCRIPT" />
      <option name="PATTERN" value="" />
      <option name="USE_PATTERN" value="false" />
      <method />
    </configuration>
    <configuration default="true" type="tests" factoryName="Nosetests">
      <option name="INTERPRETER_OPTIONS" value="" />
      <option name="PARENT_ENVS" value="true" />
      <envs />
      <option name="SDK_HOME" value="" />
      <option name="WORKING_DIRECTORY" value="" />
      <option name="IS_MODULE_SDK" value="false" />
      <option name="ADD_CONTENT_ROOTS" value="true" />
      <option name="ADD_SOURCE_ROOTS" value="true" />
      <module name="eclipse" />
      <option name="SCRIPT_NAME" value="" />
      <option name="CLASS_NAME" value="" />
      <option name="METHOD_NAME" value="" />
      <option name="FOLDER_NAME" value="" />
      <option name="TEST_TYPE" value="TEST_SCRIPT" />
      <option name="PATTERN" value="" />
      <option name="USE_PATTERN" value="false" />
      <option name="PARAMS" value="" />
      <option name="USE_PARAM" value="false" />
      <method />
    </configuration>
    <configuration default="true" type="tests" factoryName="Unittests">
      <option name="INTERPRETER_OPTIONS" value="" />
      <option name="PARENT_ENVS" value="true" />
      <envs />
      <option name="SDK_HOME" value="" />
      <option name="WORKING_DIRECTORY" value="" />
      <option name="IS_MODULE_SDK" value="false" />
      <option name="ADD_CONTENT_ROOTS" value="true" />
      <option name="ADD_SOURCE_ROOTS" value="true" />
      <module name="eclipse" />
      <option name="SCRIPT_NAME" value="" />
      <option name="CLASS_NAME" value="" />
      <option name="METHOD_NAME" value="" />
      <option name="FOLDER_NAME" value="" />
      <option name="TEST_TYPE" value="TEST_SCRIPT" />
      <option name="PATTERN" value="" />
      <option name="USE_PATTERN" value="false" />
      <option name="PUREUNITTEST" value="true" />
      <option name="PARAMS" value="" />
      <option name="USE_PARAM" value="false" />
      <method />
    </configuration>
    <configuration default="true" type="tests" factoryName="py.test">
      <option name="INTERPRETER_OPTIONS" value="" />
      <option name="PARENT_ENVS" value="true" />
      <envs />
      <option name="SDK_HOME" value="" />
      <option name="WORKING_DIRECTORY" value="" />
      <option name="IS_MODULE_SDK" value="false" />
      <option name="ADD_CONTENT_ROOTS" value="true" />
      <option name="ADD_SOURCE_ROOTS" value="true" />
      <module name="eclipse" />
      <option name="SCRIPT_NAME" value="" />
      <option name="CLASS_NAME" value="" />
      <option name="METHOD_NAME" value="" />
      <option name="FOLDER_NAME" value="" />
      <option name="TEST_TYPE" value="TEST_SCRIPT" />
      <option name="PATTERN" value="" />
      <option name="USE_PATTERN" value="false" />
      <option name="testToRun" value="" />
      <option name="keywords" value="" />
      <option name="params" value="" />
      <option name="USE_PARAM" value="false" />
      <option name="USE_KEYWORD" value="false" />
      <method />
    </configuration>
    <list size="2">
      <item index="0" class="java.lang.String" itemvalue="Python.radare" />
      <item index="1" class="java.lang.String" itemvalue="Python.ida" />
    </list>
    <recent_temporary>
      <list size="2">
        <item index="0" class="java.lang.String" itemvalue="Python.ida" />
        <item index="1" class="java.lang.String" itemvalue="Python.radare" />
      </list>
    </recent_temporary>
  </component>
  <component name="ShelveChangesManager" show_recycled="false">
    <option name="remove_strategy" value="false" />
  </component>
  <component name="TaskManager">
    <task active="true" id="Default" summary="Default task">
      <changelist id="a99ccab5-ef05-47d7-a302-2dc78736cec3" name="Default" comment="" />
      <created>1387961306143</created>
      <option name="number" value="Default" />
      <option name="presentableId" value="Default" />
      <updated>1387961306143</updated>
    </task>
    <servers />
  </component>
  <component name="ToolWindowManager">
    <frame x="-7" y="0" width="1378" height="735" extended-state="0" />
    <editor active="false" />
    <layout>
      <window_info id="Project" active="false" anchor="left" auto_hide="false" internal_type="DOCKED" type="DOCKED" visible="true" show_stripe_button="true" weight="0.17914832" sideWeight="0.7224959" order="0" side_tool="false" content_ui="combo" />
      <window_info id="TODO" active="false" anchor="bottom" auto_hide="false" internal_type="DOCKED" type="DOCKED" visible="false" show_stripe_button="true" weight="0.33" sideWeight="0.5" order="6" side_tool="false" content_ui="tabs" />
      <window_info id="Event Log" active="false" anchor="bottom" auto_hide="false" internal_type="DOCKED" type="DOCKED" visible="false" show_stripe_button="true" weight="0.3564669" sideWeight="0.50292826" order="8" side_tool="true" content_ui="tabs" />
      <window_info id="Find" active="false" anchor="bottom" auto_hide="false" internal_type="DOCKED" type="DOCKED" visible="false" show_stripe_button="true" weight="0.3533123" sideWeight="0.5" order="1" side_tool="false" content_ui="tabs" />
      <window_info id="Version Control" active="false" anchor="bottom" auto_hide="false" internal_type="DOCKED" type="DOCKED" visible="false" show_stripe_button="true" weight="0.329653" sideWeight="0.5" order="9" side_tool="false" content_ui="tabs" />
      <window_info id="Python Console" active="false" anchor="bottom" auto_hide="false" internal_type="DOCKED" type="DOCKED" visible="false" show_stripe_button="true" weight="0.33" sideWeight="0.5" order="10" side_tool="false" content_ui="tabs" />
      <window_info id="Structure" active="false" anchor="left" auto_hide="false" internal_type="DOCKED" type="DOCKED" visible="false" show_stripe_button="true" weight="0.2484375" sideWeight="0.6914378" order="1" side_tool="false" content_ui="tabs" />
      <window_info id="Terminal" active="false" anchor="bottom" auto_hide="false" internal_type="DOCKED" type="DOCKED" visible="false" show_stripe_button="true" weight="0.32861635" sideWeight="0.5" order="10" side_tool="false" content_ui="tabs" />
      <window_info id="Favorites" active="false" anchor="left" auto_hide="false" internal_type="DOCKED" type="DOCKED" visible="false" show_stripe_button="true" weight="0.33" sideWeight="0.5" order="2" side_tool="true" content_ui="tabs" />
      <window_info id="Changes" active="false" anchor="bottom" auto_hide="false" internal_type="DOCKED" type="DOCKED" visible="false" show_stripe_button="true" weight="0.33" sideWeight="0.5" order="7" side_tool="false" content_ui="tabs" />
      <window_info id="Cvs" active="false" anchor="bottom" auto_hide="false" internal_type="DOCKED" type="DOCKED" visible="false" show_stripe_button="true" weight="0.25" sideWeight="0.5" order="4" side_tool="false" content_ui="tabs" />
      <window_info id="Message" active="false" anchor="bottom" auto_hide="false" internal_type="DOCKED" type="DOCKED" visible="false" show_stripe_button="true" weight="0.33" sideWeight="0.5" order="0" side_tool="false" content_ui="tabs" />
      <window_info id="Commander" active="false" anchor="right" auto_hide="false" internal_type="SLIDING" type="SLIDING" visible="false" show_stripe_button="true" weight="0.4" sideWeight="0.5" order="0" side_tool="false" content_ui="tabs" />
      <window_info id="Inspection" active="false" anchor="bottom" auto_hide="false" internal_type="DOCKED" type="DOCKED" visible="false" show_stripe_button="true" weight="0.4" sideWeight="0.5" order="5" side_tool="false" content_ui="tabs" />
      <window_info id="Run" active="false" anchor="bottom" auto_hide="false" internal_type="DOCKED" type="DOCKED" visible="false" show_stripe_button="true" weight="0.3564669" sideWeight="0.49707174" order="2" side_tool="false" content_ui="tabs" />
      <window_info id="Hierarchy" active="false" anchor="right" auto_hide="false" internal_type="DOCKED" type="DOCKED" visible="false" show_stripe_button="true" weight="0.25" sideWeight="0.5" order="2" side_tool="false" content_ui="combo" />
      <window_info id="Ant Build" active="false" anchor="right" auto_hide="false" internal_type="DOCKED" type="DOCKED" visible="false" show_stripe_button="true" weight="0.25" sideWeight="0.5" order="1" side_tool="false" content_ui="tabs" />
      <window_info id="Debug" active="false" anchor="bottom" auto_hide="false" internal_type="DOCKED" type="DOCKED" visible="false" show_stripe_button="true" weight="0.5094637" sideWeight="0.5" order="3" side_tool="false" content_ui="tabs" />
    </layout>
    <layout-to-restore>
      <window_info id="Changes" active="false" anchor="bottom" auto_hide="false" internal_type="DOCKED" type="DOCKED" visible="false" show_stripe_button="true" weight="0.33" sideWeight="0.5" order="7" side_tool="false" content_ui="tabs" />
      <window_info id="TODO" active="false" anchor="bottom" auto_hide="false" internal_type="DOCKED" type="DOCKED" visible="false" show_stripe_button="true" weight="0.33" sideWeight="0.5" order="6" side_tool="false" content_ui="tabs" />
      <window_info id="Cvs" active="false" anchor="bottom" auto_hide="false" internal_type="DOCKED" type="DOCKED" visible="false" show_stripe_button="true" weight="0.25" sideWeight="0.5" order="4" side_tool="false" content_ui="tabs" />
      <window_info id="Message" active="false" anchor="bottom" auto_hide="false" internal_type="DOCKED" type="DOCKED" visible="false" show_stripe_button="true" weight="0.33" sideWeight="0.5" order="0" side_tool="false" content_ui="tabs" />
      <window_info id="Commander" active="false" anchor="right" auto_hide="false" internal_type="SLIDING" type="SLIDING" visible="false" show_stripe_button="true" weight="0.4" sideWeight="0.5" order="0" side_tool="false" content_ui="tabs" />
      <window_info id="Event Log" active="false" anchor="bottom" auto_hide="false" internal_type="DOCKED" type="DOCKED" visible="false" show_stripe_button="true" weight="0.3564669" sideWeight="0.50292826" order="8" side_tool="true" content_ui="tabs" />
      <window_info id="Inspection" active="false" anchor="bottom" auto_hide="false" internal_type="DOCKED" type="DOCKED" visible="false" show_stripe_button="true" weight="0.4" sideWeight="0.5" order="5" side_tool="false" content_ui="tabs" />
      <window_info id="Version Control" active="false" anchor="bottom" auto_hide="false" internal_type="DOCKED" type="DOCKED" visible="false" show_stripe_button="true" weight="0.329653" sideWeight="0.5" order="9" side_tool="false" content_ui="tabs" />
      <window_info id="Python Console" active="false" anchor="bottom" auto_hide="false" internal_type="DOCKED" type="DOCKED" visible="false" show_stripe_button="true" weight="0.33" sideWeight="0.5" order="10" side_tool="false" content_ui="tabs" />
      <window_info id="Run" active="false" anchor="bottom" auto_hide="false" internal_type="DOCKED" type="DOCKED" visible="false" show_stripe_button="true" weight="0.3564669" sideWeight="0.49707174" order="2" side_tool="false" content_ui="tabs" />
      <window_info id="Terminal" active="false" anchor="bottom" auto_hide="false" internal_type="DOCKED" type="DOCKED" visible="false" show_stripe_button="true" weight="0.32861635" sideWeight="0.5" order="11" side_tool="false" content_ui="tabs" />
      <window_info id="Project" active="false" anchor="left" auto_hide="false" internal_type="DOCKED" type="DOCKED" visible="true" show_stripe_button="true" weight="0.17914832" sideWeight="0.7224959" order="0" side_tool="false" content_ui="combo" />
      <window_info id="Hierarchy" active="false" anchor="right" auto_hide="false" internal_type="DOCKED" type="DOCKED" visible="false" show_stripe_button="true" weight="0.25" sideWeight="0.5" order="2" side_tool="false" content_ui="combo" />
      <window_info id="Find" active="false" anchor="bottom" auto_hide="false" internal_type="DOCKED" type="DOCKED" visible="false" show_stripe_button="true" weight="0.3533123" sideWeight="0.5" order="1" side_tool="false" content_ui="tabs" />
      <window_info id="Structure" active="false" anchor="left" auto_hide="false" internal_type="DOCKED" type="DOCKED" visible="false" show_stripe_button="true" weight="0.2484375" sideWeight="0.6914378" order="1" side_tool="false" content_ui="tabs" />
      <window_info id="Ant Build" active="false" anchor="right" auto_hide="false" internal_type="DOCKED" type="DOCKED" visible="false" show_stripe_button="true" weight="0.25" sideWeight="0.5" order="1" side_tool="false" content_ui="tabs" />
      <window_info id="Favorites" active="false" anchor="left" auto_hide="false" internal_type="DOCKED" type="DOCKED" visible="false" show_stripe_button="true" weight="0.33" sideWeight="0.5" order="2" side_tool="true" content_ui="tabs" />
      <window_info id="Debug" active="false" anchor="bottom" auto_hide="false" internal_type="DOCKED" type="DOCKED" visible="true" show_stripe_button="true" weight="0.5094637" sideWeight="0.5" order="3" side_tool="false" content_ui="tabs" />
    </layout-to-restore>
  </component>
  <component name="Vcs.Log.UiProperties">
    <option name="RECENTLY_FILTERED_USER_GROUPS">
      <collection />
    </option>
    <option name="RECENTLY_FILTERED_BRANCH_GROUPS">
      <collection />
    </option>
  </component>
  <component name="VcsContentAnnotationSettings">
    <option name="myLimit" value="2678400000" />
  </component>
  <component name="XDebuggerManager">
    <breakpoint-manager>
      <breakpoints>
        <line-breakpoint enabled="true" type="python-line">
          <url>file://$PROJECT_DIR$/Diagnoser/scipyOpts.py</url>
          <line>3</line>
          <option name="timeStamp" value="113" />
        </line-breakpoint>
        <line-breakpoint enabled="true" type="python-line">
          <url>file://$PROJECT_DIR$/Planner/pomcp/EXPERIMENT.py</url>
          <line>78</line>
          <option name="timeStamp" value="161" />
        </line-breakpoint>
        <line-breakpoint enabled="true" type="python-line">
          <url>file://$PROJECT_DIR$/Planner/pomcp/MCTS.py</url>
          <line>134</line>
          <option name="timeStamp" value="174" />
        </line-breakpoint>
        <line-breakpoint enabled="true" suspend="THREAD" type="python-line">
          <url>file://$PROJECT_DIR$/Planner/lrtdp/LRTDPModule.py</url>
          <line>72</line>
          <option name="timeStamp" value="192" />
        </line-breakpoint>
        <line-breakpoint enabled="true" suspend="THREAD" type="python-line">
          <url>file://$PROJECT_DIR$/Planner/mcts/InstanceNode.py</url>
          <line>63</line>
          <option name="timeStamp" value="195" />
        </line-breakpoint>
        <line-breakpoint enabled="true" suspend="THREAD" type="python-line">
          <url>file://$PROJECT_DIR$/Diagnoser/ExperimentInstance.py</url>
          <line>269</line>
          <option name="timeStamp" value="220" />
        </line-breakpoint>
      </breakpoints>
      <breakpoints-dialog>
        <breakpoints-dialog />
      </breakpoints-dialog>
      <option name="time" value="224" />
    </breakpoint-manager>
    <watches-manager />
  </component>
  <component name="editorHistoryManager">
    <entry file="file://$PROJECT_DIR$/lrtdp_checker.py">
      <provider selected="true" editor-type-id="text-editor">
        <state relative-caret-position="0">
          <caret line="8" column="0" selection-start-line="8" selection-start-column="0" selection-end-line="8" selection-end-column="0" />
        </state>
      </provider>
    </entry>
    <entry file="file://$PROJECT_DIR$/lrtdp.py">
      <provider selected="true" editor-type-id="text-editor">
        <state relative-caret-position="0">
          <caret line="4" column="24" selection-start-line="4" selection-start-column="24" selection-end-line="4" selection-end-column="24" />
        </state>
      </provider>
    </entry>
    <entry file="file://C:/Python27/Lib/copy.py" />
    <entry file="file://C:/Python27/Lib/site-packages/numpy/random/__init__.py" />
    <entry file="file://$PROJECT_DIR$/Planner/lrtdp_checker/cheker.py">
      <provider selected="true" editor-type-id="text-editor">
        <state relative-caret-position="0">
          <caret line="13" column="10" selection-start-line="13" selection-start-column="10" selection-end-line="13" selection-end-column="10" />
        </state>
      </provider>
    </entry>
    <entry file="file://$PROJECT_DIR$/Planner/Planning_Results.py">
      <provider selected="true" editor-type-id="text-editor">
        <state relative-caret-position="0">
          <caret line="80" column="4" selection-start-line="80" selection-start-column="4" selection-end-line="80" selection-end-column="4" />
        </state>
      </provider>
    </entry>
    <entry file="file://C:/Python27/Lib/subprocess.py" />
    <entry file="file://C:/diagnose_vulnerabilities/FOE2/certfuzz/debuggers/tracing/radare.py" />
    <entry file="file://C:/diagnose_vulnerabilities/FOE2/certfuzz/debuggers/tracing/ida.py" />
    <entry file="file://C:/diagnose_vulnerabilities/FOE2/certfuzz/debuggers/msec.py" />
    <entry file="file://C:/diagnose_vulnerabilities/FOE2/certfuzz/campaign/campaign_base.py" />
    <entry file="file://C:/diagnose_vulnerabilities/FOE2/foe2.py" />
    <entry file="file://C:/diagnose_vulnerabilities/FOE2/certfuzz/debuggers/registration.py" />
    <entry file="file://C:/diagnose_vulnerabilities/FOE2/certfuzz/campaign/campaign.py" />
    <entry file="file://C:/diagnose_vulnerabilities/FOE2/certfuzz/runners/winrun.py" />
    <entry file="file://C:/diagnose_vulnerabilities/FOE2/certfuzz/crash/foe_crash.py" />
    <entry file="file://C:/diagnose_vulnerabilities/FOE2/certfuzz/campaign/iteration.py" />
    <entry file="file://$USER_HOME$/.PyCharm30/system/python_stubs/-762174762/__builtin__.py" />
    <entry file="file://E:/Dropbo/Dropbox/mcts/Node.py" />
    <entry file="file://$PROJECT_DIR$/setup.py">
      <provider selected="true" editor-type-id="text-editor">
        <state relative-caret-position="0">
          <caret line="0" column="0" selection-start-line="0" selection-start-column="0" selection-end-line="0" selection-end-column="0" />
        </state>
      </provider>
    </entry>
    <entry file="file://$PROJECT_DIR$/wekaMethods/patchsBuild.py">
      <provider selected="true" editor-type-id="text-editor">
        <state relative-caret-position="8007">
          <caret line="477" column="0" selection-start-line="475" selection-start-column="0" selection-end-line="477" selection-end-column="0" />
        </state>
      </provider>
    </entry>
    <entry file="file://$PROJECT_DIR$/All_One_create.py">
      <provider selected="true" editor-type-id="text-editor">
        <state relative-caret-position="117">
          <caret line="106" column="0" selection-start-line="106" selection-start-column="0" selection-end-line="106" selection-end-column="0" />
        </state>
      </provider>
    </entry>
    <entry file="file://$PROJECT_DIR$/AllTries.py">
      <provider selected="true" editor-type-id="text-editor">
        <state relative-caret-position="374">
          <caret line="22" column="0" selection-start-line="22" selection-start-column="0" selection-end-line="22" selection-end-column="0" />
        </state>
      </provider>
    </entry>
    <entry file="file://$PROJECT_DIR$/metricsCSV.py">
      <provider selected="true" editor-type-id="text-editor">
        <state relative-caret-position="187">
          <caret line="13" column="0" selection-start-line="13" selection-start-column="0" selection-end-line="13" selection-end-column="0" />
        </state>
      </provider>
    </entry>
    <entry file="file://$PROJECT_DIR$/transferAllOne.py">
      <provider selected="true" editor-type-id="text-editor">
        <state relative-caret-position="867">
          <caret line="57" column="0" selection-start-line="57" selection-start-column="0" selection-end-line="57" selection-end-column="0" />
        </state>
      </provider>
    </entry>
    <entry file="file://$PROJECT_DIR$/transferLearning.py">
      <provider selected="true" editor-type-id="text-editor">
        <state relative-caret-position="867">
          <caret line="56" column="0" selection-start-line="56" selection-start-column="0" selection-end-line="56" selection-end-column="0" />
        </state>
      </provider>
    </entry>
    <entry file="file://$PROJECT_DIR$/Agent/experiments.py" />
    <entry file="file://$PROJECT_DIR$/Agent/reportsAppend.py">
      <provider selected="true" editor-type-id="text-editor">
        <state relative-caret-position="204">
          <caret line="13" column="0" selection-start-line="13" selection-start-column="0" selection-end-line="13" selection-end-column="0" />
        </state>
      </provider>
    </entry>
    <entry file="file://$PROJECT_DIR$/Agent/results.py">
      <provider selected="true" editor-type-id="text-editor">
        <state relative-caret-position="10438">
          <caret line="616" column="0" selection-start-line="616" selection-start-column="0" selection-end-line="616" selection-end-column="0" />
        </state>
      </provider>
    </entry>
    <entry file="file://$PROJECT_DIR$/wekaMethods/blameParse.py">
      <provider selected="true" editor-type-id="text-editor">
        <state relative-caret-position="68">
          <caret line="10" column="23" selection-start-line="10" selection-start-column="13" selection-end-line="10" selection-end-column="23" />
        </state>
      </provider>
    </entry>
    <entry file="file://$PROJECT_DIR$/Planner/lrtdp/main.py">
      <provider selected="true" editor-type-id="text-editor">
        <state relative-caret-position="272">
          <caret line="19" column="26" selection-start-line="19" selection-start-column="26" selection-end-line="19" selection-end-column="26" />
        </state>
      </provider>
    </entry>
    <entry file="file://$PROJECT_DIR$/Planner/mcts/InstanceNode.py">
      <provider selected="true" editor-type-id="text-editor">
        <state relative-caret-position="195">
          <caret line="133" column="20" selection-start-line="133" selection-start-column="20" selection-end-line="133" selection-end-column="20" />
          <folding>
            <element signature="e#20#46#0" expanded="false" />
            <element signature="e#915#1109#0" expanded="false" />
            <element signature="e#2584#2703#0" expanded="false" />
            <element signature="e#2743#2959#0" expanded="false" />
            <marker date="1480378985069" expanded="false" signature="2982:3353" ph="..." />
          </folding>
        </state>
      </provider>
    </entry>
    <entry file="file://$PROJECT_DIR$/Planner/lrtdp/lrtdpState.py">
      <provider selected="true" editor-type-id="text-editor">
        <state relative-caret-position="110">
          <caret line="22" column="0" selection-start-line="22" selection-start-column="0" selection-end-line="22" selection-end-column="0" />
        </state>
      </provider>
    </entry>
    <entry file="file://$PROJECT_DIR$/Planner/mcts/actionNode.py">
      <provider selected="true" editor-type-id="text-editor">
        <state relative-caret-position="153">
          <caret line="11" column="0" selection-start-line="11" selection-start-column="0" selection-end-line="11" selection-end-column="0" />
        </state>
      </provider>
    </entry>
    <entry file="file://$PROJECT_DIR$/Planner/lrtdp/LRTDP.py">
      <provider selected="true" editor-type-id="text-editor">
        <state relative-caret-position="306">
          <caret line="18" column="35" selection-start-line="18" selection-start-column="35" selection-end-line="18" selection-end-column="35" />
        </state>
      </provider>
    </entry>
    <entry file="file://$PROJECT_DIR$/Planner/pomcp/DIAGNOSER.py">
      <provider selected="true" editor-type-id="text-editor">
        <state relative-caret-position="204">
          <caret line="13" column="22" selection-start-line="13" selection-start-column="22" selection-end-line="13" selection-end-column="22" />
        </state>
      </provider>
    </entry>
    <entry file="file://$PROJECT_DIR$/Planner/mcts/mcts.py">
      <provider selected="true" editor-type-id="text-editor">
        <state relative-caret-position="595">
          <caret line="36" column="0" selection-start-line="36" selection-start-column="0" selection-end-line="36" selection-end-column="0" />
        </state>
      </provider>
    </entry>
    <entry file="file://$PROJECT_DIR$/Planner/lrtdp/LRTDPModule.py">
      <provider selected="true" editor-type-id="text-editor">
        <state relative-caret-position="1037">
          <caret line="61" column="47" selection-start-line="61" selection-start-column="47" selection-end-line="61" selection-end-column="47" />
          <folding>
            <element signature="e#21#52#0" expanded="false" />
          </folding>
        </state>
      </provider>
    </entry>
    <entry file="file://$PROJECT_DIR$/Agent/bugs_testsDBMethods.py">
      <provider selected="true" editor-type-id="text-editor">
        <state relative-caret-position="5066">
          <caret line="303" column="44" selection-start-line="303" selection-start-column="44" selection-end-line="303" selection-end-column="44" />
          <folding />
        </state>
      </provider>
    </entry>
    <entry file="file://$PROJECT_DIR$/utilsConf.py">
      <provider selected="true" editor-type-id="text-editor">
        <state relative-caret-position="2091">
          <caret line="124" column="57" selection-start-line="124" selection-start-column="57" selection-end-line="124" selection-end-column="57" />
          <folding />
        </state>
      </provider>
    </entry>
    <entry file="file://$PROJECT_DIR$/Planner/mcts/main.py">
      <provider selected="true" editor-type-id="text-editor">
        <state relative-caret-position="51">
          <caret line="5" column="0" selection-start-line="5" selection-start-column="0" selection-end-line="5" selection-end-column="0" />
          <folding />
        </state>
      </provider>
    </entry>
    <entry file="file://$PROJECT_DIR$/Agent/experimentsMethods.py">
      <provider selected="true" editor-type-id="text-editor">
        <state relative-caret-position="20298">
          <caret line="1205" column="4" selection-start-line="1205" selection-start-column="4" selection-end-line="1205" selection-end-column="4" />
          <folding />
        </state>
      </provider>
    </entry>
    <entry file="file://$PROJECT_DIR$/wrapper.py">
      <provider selected="true" editor-type-id="text-editor">
        <state relative-caret-position="303">
          <caret line="673" column="37" selection-start-line="673" selection-start-column="37" selection-end-line="673" selection-end-column="37" />
          <folding />
        </state>
      </provider>
    </entry>
    <entry file="file://$PROJECT_DIR$/Diagnoser/ExperimentInstance.py">
      <provider selected="true" editor-type-id="text-editor">
        <state relative-caret-position="226">
          <caret line="48" column="39" selection-start-line="48" selection-start-column="39" selection-end-line="48" selection-end-column="39" />
          <folding>
            <element signature="e#1355#1452#0" expanded="false" />
            <element signature="e#1505#1649#0" expanded="false" />
            <element signature="e#1724#2183#0" expanded="false" />
            <element signature="e#2767#3605#0" expanded="false" />
            <element signature="e#3652#4162#0" expanded="false" />
            <element signature="e#4203#4493#0" expanded="false" />
            <element signature="e#4526#4675#0" expanded="false" />
            <element signature="e#4719#5219#0" expanded="false" />
            <element signature="e#5252#5383#0" expanded="false" />
            <element signature="e#5421#5557#0" expanded="false" />
            <element signature="e#5594#5644#0" expanded="false" />
            <element signature="e#5890#5934#0" expanded="false" />
            <element signature="e#7058#7179#0" expanded="false" />
            <element signature="e#7376#7994#0" expanded="false" />
            <element signature="e#8041#8645#0" expanded="false" />
          </folding>
        </state>
      </provider>
    </entry>
    <entry file="file://$PROJECT_DIR$/Planner/HP_Random.py">
      <provider selected="true" editor-type-id="text-editor">
        <state relative-caret-position="323">
          <caret line="27" column="8" selection-start-line="27" selection-start-column="8" selection-end-line="27" selection-end-column="71" />
          <folding />
        </state>
      </provider>
    </entry>
    <entry file="file://$PROJECT_DIR$/Diagnoser/diagnoserUtils.py">
      <provider selected="true" editor-type-id="text-editor">
        <state relative-caret-position="85">
          <caret line="5" column="10" selection-start-line="5" selection-start-column="7" selection-end-line="5" selection-end-column="10" />
          <folding />
        </state>
      </provider>
    </entry>
    <entry file="file://$PROJECT_DIR$/Diagnoser/Diagnosis.py">
      <provider selected="true" editor-type-id="text-editor">
        <state relative-caret-position="419">
          <caret line="27" column="23" selection-start-line="27" selection-start-column="23" selection-end-line="27" selection-end-column="23" />
          <folding />
        </state>
      </provider>
    </entry>
    <entry file="file://$PROJECT_DIR$/Planner/planningExperiments.py">
      <provider selected="true" editor-type-id="text-editor">
        <state relative-caret-position="219">
          <caret line="134" column="88" selection-start-line="134" selection-start-column="4" selection-end-line="134" selection-end-column="88" />
          <folding>
            <element signature="e#21#46#0" expanded="true" />
          </folding>
        </state>
      </provider>
    </entry>
    <entry file="file://$PROJECT_DIR$/Diagnoser/Barinel.py">
      <provider selected="true" editor-type-id="text-editor">
        <state relative-caret-position="398">
          <caret line="124" column="26" selection-start-line="124" selection-start-column="26" selection-end-line="124" selection-end-column="26" />
          <folding />
        </state>
      </provider>
    </entry>
    <entry file="file://$PROJECT_DIR$/Diagnoser/Staccato.py">
      <provider selected="true" editor-type-id="text-editor">
        <state relative-caret-position="252">
          <caret line="33" column="20" selection-start-line="33" selection-start-column="20" selection-end-line="33" selection-end-column="52" />
          <folding />
        </state>
      </provider>
    </entry>
    <entry file="file://$PROJECT_DIR$/Diagnoser/St_Strip.py">
      <provider selected="true" editor-type-id="text-editor">
        <state relative-caret-position="238">
          <caret line="14" column="26" selection-start-line="14" selection-start-column="26" selection-end-line="14" selection-end-column="26" />
          <folding />
        </state>
      </provider>
    </entry>
  </component>
</project>